{
    "activate_air_filtration": [
        "1"
    ],
    "adaptive_pressure_advance": [
        "1"
    ],
    "adaptive_pressure_advance_bridges": [
        "0.02"
    ],
    "adaptive_pressure_advance_model": [
        "0.052,3.36,2000\n0.050,6.72,2000\n0.044,8.40,5000\n0.040,11.76,5000\n0.036,15.12,5000\n0.038,11.76,10000\n0.032,16.80,10000\n0.030,21.00,10000"
    ],
    "adaptive_pressure_advance_overhangs": [
        "1"
    ],
    "cool_plate_temp": [
        "45"
    ],
    "cool_plate_temp_initial_layer": [
        "45"
    ],
    "default_filament_colour": [
        "#FFFFFF"
    ],
    "enable_pressure_advance": [
        "1"
    ],
    "filament_cost": [
        "10.5"
    ],
    "filament_deretraction_speed": [
        "45"
    ],
    "filament_max_volumetric_speed": [
        "18"
    ],
    "filament_retraction_length": [
        "1"
    ],
    "filament_retraction_speed": [
        "45"
    ],
    "filament_settings_id": [
        "Elegoo PLA @ECC - White"
    ],
    "from": "User",
    "inherits": "Elegoo PLA @ECC",
    "is_custom_defined": "0",
    "name": "Elegoo PLA @ECC - White",
    "nozzle_temperature": [
        "205"
    ],
    "nozzle_temperature_range_high": [
        "210"
    ],
    "nozzle_temperature_range_low": [
        "205"
    ],
    "pressure_advance": [
        "0.04"
    ],
    "version": "1.1.8.1"
}
