{
    "bridge_flow": "0.9",
    "bridge_no_support": "1",
    "extra_perimeters_on_overhangs": "1",
    "from": "User",
    "inherits": "0.12mm Fine @Elegoo CC 0.4 nozzle",
    "initial_layer_infill_speed": "85",
    "initial_layer_speed": "30",
    "internal_bridge_flow": "0.9",
    "ironing_flow": "20%",
    "ironing_speed": "15",
    "is_custom_defined": "0",
    "name": "0.12mm Fine @Elegoo CC 0.4 nozzle - Copy",
    "outer_wall_speed": "140",
    "precise_outer_wall": "1",
    "print_settings_id": "0.12mm Fine @Elegoo CC 0.4 nozzle - Copy",
    "reduce_crossing_wall": "1",
    "role_based_wipe_speed": "1",
    "seam_position": "back",
    "seam_slope_type": "external",
    "staggered_inner_seams": "1",
    "support_base_pattern": "lightning",
    "support_bottom_interface_spacing": "0",
    "support_bottom_z_distance": "0.21",
    "support_interface_spacing": "0.6",
    "support_interface_speed": "35",
    "support_interface_top_layers": "3",
    "support_on_build_plate_only": "1",
    "support_remove_small_overhang": "0",
    "support_speed": "60",
    "support_threshold_angle": "15",
    "support_top_z_distance": "0.24",
    "support_type": "tree(auto)",
    "tree_support_angle_slow": "25",
    "tree_support_branch_angle_organic": "60",
    "tree_support_branch_diameter_double_wall": "3",
    "tree_support_tip_diameter": "0.7",
    "tree_support_top_rate": "10%",
    "version": "1.1.8.1",
    "wall_sequence": "inner-outer-inner wall",
    "wipe_before_external_loop": "1",
    "wipe_on_loops": "1"
}
