{
    "adaptive_bed_mesh_margin": "0",
    "auto_toolchange_command": "1",
    "auxiliary_fan": "1",
    "bbl_use_printhost": "0",
    "bed_custom_model": "",
    "bed_custom_texture": "",
    "bed_exclude_area": [
        "246x0",
        "256x0",
        "256x20",
        "246x20"
    ],
    "bed_mesh_max": "99999,99999",
    "bed_mesh_min": "-99999,-99999",
    "bed_mesh_probe_distance": "50,50",
    "bed_texture_area": [
        "0x-10",
        "257x-10",
        "257x257",
        "0x257"
    ],
    "before_layer_change_gcode": ";BEFORE_LAYER_CHANGE\n;[layer_z]\nG92 E0\n",
    "best_object_pos": "0.5,0.5",
    "change_extrusion_role_gcode": "",
    "change_filament_gcode": "",
    "cooling_tube_length": "5",
    "cooling_tube_retraction": "90",
    "default_filament_profile": [
        "Elegoo PLA @ECC"
    ],
    "default_print_profile": "0.20mm Standard @Elegoo CC 0.4 nozzle",
    "deretraction_speed": [
        "30"
    ],
    "disable_m73": "1",
    "emit_machine_limits_to_gcode": "1",
    "enable_filament_ramming": "0",
    "enable_long_retraction_when_cut": "0",
    "extra_loading_move": "-2",
    "extruder_clearance_height_to_lid": "90",
    "extruder_clearance_height_to_rod": "36",
    "extruder_clearance_radius": "57",
    "extruder_colour": [
        "#018001"
    ],
    "extruder_offset": [
        "0x0"
    ],
    "fan_kickstart": "0",
    "fan_speedup_overhangs": "1",
    "fan_speedup_time": "0.5",
    "from": "User",
    "gcode_flavor": "klipper",
    "head_wrap_detect_zone": [],
    "high_current_on_filament_swap": "0",
    "host_type": "elegoolink",
    "inherits": "Elegoo Centauri Carbon 0.4 nozzle",
    "is_custom_defined": "0",
    "layer_change_gcode": ";LAYER:{layer_num+1}\n",
    "long_retractions_when_cut": [
        "0"
    ],
    "machine_end_gcode": ";===== date: 20250603 =====================\nM400 ; wait for buffer to clear\nM140 S0 ;Turn-off bed\nM106 S255 ;Cooling nozzle\nM83\nG92 E0 ; zero the extruder\nG1 E-0.8 F1800\nG2 I1 J0 Z{max_layer_z+0.5} F3000 ; lower z a little\nG90\n{if max_layer_z > 100}G1 Z{min(max_layer_z+50, printable_height+0.5)} F20000{else}G1 Z100 F20000 {endif}; Move print head up \nM204 S5000\nM400\nM83\nG1 X202 F20000\nM400\nG1 Y250 F20000\nG1 Y264.5 F1200\nM400\nG92 E0\nM104 S0 ;Turn-off hotend\nM140 S0 ;Turn-off bed\nM106 S0 ; turn off fan\nM106 P2 S0 ; turn off remote part cooling fan\nM106 P3 S0 ; turn off chamber cooling fan\nM84 ;Disable all steppers",
    "machine_load_filament_time": "29",
    "machine_max_acceleration_e": [
        "5000",
        "5000"
    ],
    "machine_max_acceleration_extruding": [
        "20000",
        "20000"
    ],
    "machine_max_acceleration_retracting": [
        "5000",
        "5000"
    ],
    "machine_max_acceleration_travel": [
        "20000",
        "20000"
    ],
    "machine_max_acceleration_x": [
        "20000",
        "20000"
    ],
    "machine_max_acceleration_y": [
        "20000",
        "20000"
    ],
    "machine_max_acceleration_z": [
        "500",
        "200"
    ],
    "machine_max_jerk_e": [
        "2.5",
        "2.5"
    ],
    "machine_max_jerk_x": [
        "9",
        "9"
    ],
    "machine_max_jerk_y": [
        "9",
        "9"
    ],
    "machine_max_jerk_z": [
        "3",
        "3"
    ],
    "machine_max_speed_e": [
        "30",
        "30"
    ],
    "machine_max_speed_x": [
        "500",
        "200"
    ],
    "machine_max_speed_y": [
        "500",
        "200"
    ],
    "machine_max_speed_z": [
        "20",
        "20"
    ],
    "machine_min_extruding_rate": [
        "0",
        "0"
    ],
    "machine_min_travel_rate": [
        "0",
        "0"
    ],
    "machine_pause_gcode": "M600",
    "machine_start_gcode": ";===== date: 20240520 =====================\n;printer_model:[printer_model]\n;initial_filament:{filament_type[initial_extruder]}\n;curr_bed_type:{curr_bed_type}\nM400 ; wait for buffer to clear\nM220 S100 ;Set the feed speed to 100%\nM221 S100 ;Set the flow rate to 100%\nG90 ;absolute positioning\n\n;===== Stage 1: Cold wipe at ~140°C =====================\nM140 S[bed_temperature_initial_layer_single] ;start heating bed (no wait)\nM104 S140 ;preheat nozzle to 140°C\nG28 ;home XYZ\nM729 ;wipe nozzle at 140°C\n\n;===== Stage 2: Get Bed Mesh at Print Temp  =====================\n;Remove ; before the below lines to get a Bed Mesh at Print temp. It will not reset your Z-offset.\n;You should only do this if you change the bed temp. If you switch plates run Auto bed Leveling, then grab a bed mesh at print temp.\n\n;M190 S[bed_temperature_initial_layer_single] ; Wait for bed\n;M104 S140 ; Set nozzel temp 140c\n;M109 S140 ; Wait for Nozzle \n;G28 ; Home All\n;BED_MESH_CALIBRATE ; Get bed mesh at print bed temp\n\n;===== Stage 3: Heat to Full Temperature =====================\nM190 S[bed_temperature_initial_layer_single] ;wait for bed\nM104 S[nozzle_temperature_initial_layer] ;set nozzle to first-layer temp\nM109 S[nozzle_temperature_initial_layer] ;wait for nozzle\n\n;===== Stage 4: Hot wipe / purge =====================\nM729 ;wipe nozzle at print temp.\n\n;=============turn on fans to prevent PLA jamming=================\n{if filament_type[initial_no_support_extruder]==\"PLA\"}\n    {if (bed_temperature[initial_no_support_extruder] >50)||(bed_temperature_initial_layer[initial_no_support_extruder] >50)}\n    M106 P3 S255\n    {elsif (bed_temperature[initial_no_support_extruder] >45)||(bed_temperature_initial_layer[initial_no_support_extruder] >45)}\n    M106 P3 S180\n    {endif};Prevent PLA from jamming\n{endif}\n\n;enable_pressure_advance:{enable_pressure_advance[initial_extruder]}\n;This value is called if pressure advance is enabled\n{if enable_pressure_advance[initial_extruder] == \"true\"}\nSET_PRESSURE_ADVANCE ADVANCE=[pressure_advance] ;\nM400\n{endif}\nM204 S{min(20000,max(1000,outer_wall_acceleration))} ;Call exterior wall print acceleration\n\n\nG1 X{print_bed_max[0]*0.5} Y-1.2 F20000\nG1 Z0.3 F900\nM109 S[nozzle_temperature_initial_layer]\nM83\nG92 E0 ;Reset Extruder\nG1 F{min(6000, max(900, filament_max_volumetric_speed[initial_no_support_extruder]/0.5/0.3*60))} \nG1 X-1.2 E10.156 ;Draw the first line\nG1 Y98.8 E7.934\nG1 X-0.5 Y100 E0.1\nG1 Y-0.3 E7.934\nG1 X{print_bed_max[0]*0.5-50} E6.284\nG1 F{0.2*min(12000, max(1200, filament_max_volumetric_speed[initial_no_support_extruder]/0.5/0.3*60))} \nG1 X{print_bed_max[0]*0.5-30} E2\nG1 F{min(12000, max(1200, filament_max_volumetric_speed[initial_no_support_extruder]/0.5/0.3*60))} \nG1 X{print_bed_max[0]*0.5-10} E2\nG1 F{0.2*min(12000, max(1200, filament_max_volumetric_speed[initial_no_support_extruder]/0.5/0.3*60))} \nG1 X{print_bed_max[0]*0.5+10} E2\nG1 F{min(12000, max(1200, filament_max_volumetric_speed[initial_no_support_extruder]/0.5/0.3*60))} \nG1 X{print_bed_max[0]*0.5+30} E2\nG1 F{min(12000, max(1200, filament_max_volumetric_speed[initial_no_support_extruder]/0.5/0.3*60))} \nG1 X{print_bed_max[0]*0.5+50} E2\n;End PA test.\n\n\nG3 I-1 J0 Z0.6 F1200.0 ;Move to side a little\nG1 F20000\nG92 E0 ;Reset Extruder\n;LAYER_COUNT:[total_layer_count]\n;LAYER:0",
    "machine_tool_change_time": "0",
    "machine_unload_filament_time": "28",
    "manual_filament_change": "0",
    "max_layer_height": [
        "0.32"
    ],
    "min_layer_height": [
        "0.08"
    ],
    "name": "Elegoo Centauri Carbon 0.4 nozzle - PLA",
    "nozzle_diameter": [
        "0.4"
    ],
    "nozzle_height": "2.5",
    "nozzle_hrc": "0",
    "nozzle_type": "hardened_steel",
    "nozzle_volume": "107",
    "number_of_giga_printheads": "1",
    "parking_pos_retraction": "90",
    "pellet_modded_printer": "0",
    "preferred_orientation": "0",
    "printable_area": [
        "0x0",
        "257x0",
        "257x257",
        "0x257"
    ],
    "printable_height": "257",
    "printer_model": "Elegoo Centauri Carbon",
    "printer_notes": "",
    "printer_settings_id": "Elegoo Centauri Carbon 0.4 nozzle - PLA",
    "printer_structure": "corexy",
    "printer_technology": "FFF",
    "printer_variant": "0.4",
    "printhost_authorization_type": "key",
    "printhost_ssl_ignore_revoke": "0",
    "printing_by_object_gcode": "",
    "purge_in_prime_tower": "0",
    "retract_before_wipe": [
        "0%"
    ],
    "retract_length_toolchange": [
        "2"
    ],
    "retract_lift_above": [
        "0"
    ],
    "retract_lift_below": [
        "255"
    ],
    "retract_lift_enforce": [
        "All Surfaces"
    ],
    "retract_on_top_layer": [
        "1"
    ],
    "retract_restart_extra": [
        "0"
    ],
    "retract_restart_extra_toolchange": [
        "0"
    ],
    "retract_when_changing_layer": [
        "1"
    ],
    "retraction_distances_when_cut": [
        "18"
    ],
    "retraction_length": [
        "0.8"
    ],
    "retraction_minimum_travel": [
        "0.8"
    ],
    "retraction_speed": [
        "30"
    ],
    "scan_first_layer": "1",
    "silent_mode": "0",
    "single_extruder_multi_material": "1",
    "support_air_filtration": "0",
    "support_chamber_temp_control": "0",
    "support_multi_bed_types": "1",
    "support_multi_filament": "0",
    "template_custom_gcode": "",
    "thumbnails": "144x144/PNG",
    "thumbnails_format": "PNG",
    "time_cost": "0.1",
    "time_lapse_gcode": "",
    "travel_slope": [
        "3"
    ],
    "upward_compatible_machine": [],
    "use_firmware_retraction": "0",
    "use_relative_e_distances": "1",
    "version": "1.1.8.1",
    "wipe": [
        "1"
    ],
    "wipe_distance": [
        "1.2"
    ],
    "z_hop": [
        "0.4"
    ],
    "z_hop_types": [
        "Auto Lift"
    ],
    "z_offset": "0"
}
